{"id":"D3E9150B-7D5E-4D82-B827-C1ED513466DB","validationEntity":{"analysedDataType":"auto","dataResult":{"createdDate":"2022-12-26T10:17:49Z"}},"modelEntity":{"createdDate":"2022-12-26T10:15:24Z","id":"0CF4F870-A957-42F4-A7F7-78B3A4584399","experimentID":"D3E9150B-7D5E-4D82-B827-C1ED513466DB","title":"","modifiedDate":"2022-12-26T10:15:24Z","preferredFilename":"","version":"1.0","modelURL":"Models\/BetterRest%201.mlmodel"},"version":"1.0","settingEntity":{"augmentations":[],"suggestedColumns":["wake","estimatedSleep","coffee","actualSleep"],"targetColumn":"actualSleep","seedType":"default","transferLearningEmbeddingType":"dynamic","handPoseClassifierAugmentations":[],"featureNames":["wake","estimatedSleep","coffee"],"algorithmType":"maxEnt","harVideoAugmentations":0,"taskType":"generalRegresor","suggestedColumnValues":["31 500, 32 400, 26 100, 40 500, 19 800, 27 000, 20 700, 21 600, 41 400, 34 200, 21 600, 78 300, 32 400, 28 800, 18 900, 18 000, 28 800, 18 000, 7 200, 35 100, 24 300, 35 100, 34 200, 27 900, 30 600, 69 300, 35 100, 34 200, 34 200, 23 400","9,00, 5,00, 6,50, 8,75, 6,00, 7,50, 9,25, 6,00, 9,25, 6,75, 5,25, 9,25, 10,00, 8,75, 8,25, 6,25, 10,00, 6,25, 10,00, 9,50, 5,00, 7,50, 6,25, 8,00, 8,00, 6,50, 8,00, 10,00, 8,25, 8,00","6, 2, 10, 4, 3, 1, 1, 3, 5, 8, 3, 8, 2, 3, 1, 2, 3, 2, 1, 4, 2, 1, 1, 4, 3, 7, 4, 4, 1, 3","38 230, 20 180, 31 989, 35 258, 24 487, 28 300, 34 548, 24 557, 37 836, 31 340, 21 874, 40 405, 38 076, 34 265, 30 936, 24 665, 39 007, 24 578, 37 267, 37 878, 20 220, 28 400, 23 882, 32 427, 31 699, 29 670, 32 789, 39 792, 30 935, 31 701"],"handActionClassifierAugmentations":[],"suggestedColumnTypes":["Int","Double","Int","Int"],"styleTransferAlgorithmType":"image","generalRegressorType":{"auto":{}}},"state":"trained","trainingEntity":{"finishTime":"2022-12-26T10:20:54Z","validationResults":{"generalRegressor":{"maximumError":694.82359948931116,"rootMeanSquaredError":187.48120377791804}},"dataURL":"file:\/\/\/Users\/nn\/Desktop\/HackingWithSwift-main\/SwiftUI\/project4-files\/BetterRest.csv","dataResult":{"itemsCount":10000,"createdDate":"2022-12-26T10:17:49Z","dataURL":"file:\/\/\/Users\/nn\/Desktop\/HackingWithSwift-main\/SwiftUI\/project4-files\/BetterRest.csv","columnTypes":["Int","Double","Int","Int"],"columns":["wake","estimatedSleep","coffee","actualSleep"],"dataSourceID":"22209D01-CC74-4853-9DF6-2CB78DA96583","columnValues":["31 500, 32 400, 26 100, 40 500, 19 800, 27 000, 20 700, 21 600, 41 400, 34 200, 21 600, 78 300, 32 400, 28 800, 18 900, 18 000, 28 800, 18 000, 7 200, 35 100, 24 300, 35 100, 34 200, 27 900, 30 600, 69 300, 35 100, 34 200, 34 200, 23 400","9,00, 5,00, 6,50, 8,75, 6,00, 7,50, 9,25, 6,00, 9,25, 6,75, 5,25, 9,25, 10,00, 8,75, 8,25, 6,25, 10,00, 6,25, 10,00, 9,50, 5,00, 7,50, 6,25, 8,00, 8,00, 6,50, 8,00, 10,00, 8,25, 8,00","6, 2, 10, 4, 3, 1, 1, 3, 5, 8, 3, 8, 2, 3, 1, 2, 3, 2, 1, 4, 2, 1, 1, 4, 3, 7, 4, 4, 1, 3","38 230, 20 180, 31 989, 35 258, 24 487, 28 300, 34 548, 24 557, 37 836, 31 340, 21 874, 40 405, 38 076, 34 265, 30 936, 24 665, 39 007, 24 578, 37 267, 37 878, 20 220, 28 400, 23 882, 32 427, 31 699, 29 670, 32 789, 39 792, 30 935, 31 701"],"targetRange":[19216,45224],"dataAnalysis":{"issues":[{"description":"Data has 10000 rows","severity":"info"}],"regressorAnalysis":{"targetRange":[19216,45224]},"classifierAnalysis":{},"summary":{"canUseValidation":1,"sampleCount":10000}}},"trainingResults":{"generalRegressor":{"maximumError":700.66460847637063,"rootMeanSquaredError":176.50909295876568}},"progress":[],"trainingAccuracy":176.50909295876568,"checkpointMetrics":{},"analysedDataType":"datasource","dataSourceID":"22209D01-CC74-4853-9DF6-2CB78DA96583","snapshottableCheckpoints":{},"featureExtractionCheckpointMayBeAvailable":false,"validationAccuracy":187.48120377791804,"startTime":"2022-12-26T10:20:53Z"},"createdDate":"2022-12-26T10:15:24Z","evaluationContainerEntity":{"testingEvaluationEntity":{"id":"467ba5aa-9e5e-40f2-96ac-233639ba4ca5","createdDate":"2022-12-26T10:15:24Z","dataResult":{"createdDate":"2022-12-26T10:17:49Z"},"analysedDataType":"none"},"createdDate":"2022-12-26T10:21:08Z","id":"2e82f1d3-c583-4e2a-a5a4-1c1478c21e44","trainingEvaluationEntity":{"evaluationResult":{"generalRegressor":{"maximumError":700.66460847637063,"rootMeanSquaredError":176.50909295876568}},"createdDate":"2022-12-26T10:15:24Z","id":"657aa68c-7dfc-41c3-87f4-5c24e4161008","dataURL":"file:\/\/\/Users\/nn\/Desktop\/HackingWithSwift-main\/SwiftUI\/project4-files\/BetterRest.csv","dataSourceID":"22209D01-CC74-4853-9DF6-2CB78DA96583","dataResult":{"itemsCount":10000,"createdDate":"2022-12-26T10:17:49Z","targetRange":[19216,45224],"dataURL":"file:\/\/\/Users\/nn\/Desktop\/HackingWithSwift-main\/SwiftUI\/project4-files\/BetterRest.csv","dataSourceID":"22209D01-CC74-4853-9DF6-2CB78DA96583","dataAnalysis":{"issues":[{"description":"Data has 10000 rows","severity":"info"}],"regressorAnalysis":{"targetRange":[19216,45224]},"classifierAnalysis":{},"summary":{"sampleCount":10000,"canUseValidation":1}}},"analysedDataType":"none"},"previewType":"tabularRegressor","modifiedDate":"2022-12-26T10:21:08Z","validationEvaluationEntity":{"id":"7ff14040-0fd7-437f-a695-542250ab7617","createdDate":"2022-12-26T10:15:24Z","dataResult":{"createdDate":"2022-12-26T10:17:49Z"},"analysedDataType":"auto","evaluationResult":{"generalRegressor":{"maximumError":694.82359948931116,"rootMeanSquaredError":187.48120377791804}}},"evaluationEntities":[{"id":"6523cfab-7781-4714-b0bc-fd24c082e161","createdDate":"2022-12-26T10:21:08Z","dataResult":{},"analysedDataType":"none"}]},"activityEntities":["experimentCreated",[{"id":"CD2E29BA-3CC7-4026-BEA6-E3EBDBC84B44","title":"Model Source Created","createdDate":"2022-12-26T10:15:24Z","event":"experimentCreated","subtitle":"BetterRest 1"}],"trainingFinished",[{"id":"0317F194-2456-4ABE-A57F-874B5876D74C","title":"Training Completed","createdDate":"2022-12-26T10:20:54Z","event":"trainingFinished","subtitle":"BetterRest 1"}],"trainingDataAdded",[{"id":"F5286044-4D37-452E-8E5A-FCA046ABF61D","title":"Training Data Added","createdDate":"2022-12-26T10:17:49Z","event":"trainingDataAdded","subtitle":"BetterRest.csv"}],"trainingStarted",[{"id":"154A892A-45BA-4B32-900E-2B2BFCB211C5","title":"Training Started","createdDate":"2022-12-26T10:20:53Z","event":"trainingStarted","subtitle":"BetterRest 1"}]],"evaluationState":"uninitialized","title":"BetterRest 1","evaluationEntity":{"id":"000aa9e7-a427-45ee-a476-f0fb56e61441","analysedDataType":"none","dataResult":{}},"snapshotRole":{"withoutSnapshots":0},"contentDataResult":{"createdDate":"2022-12-26T10:17:49Z"},"modifiedDate":"2022-12-26T10:21:08Z","preferredFilename":"BetterRest 1"}