{"dataURL":"file:\/\/\/Users\/nn\/Desktop\/HackingWithSwift-main\/SwiftUI\/project4-files\/BetterRest.csv","id":"22209D01-CC74-4853-9DF6-2CB78DA96583","createdDate":"2022-12-26T10:17:49Z","title":"BetterRest.csv","modifiedDate":"2022-12-26T10:20:53Z","preferredFilename":"BetterRest.csv","version":"1.0","dataResult":{"dataURL":"file:\/\/\/Users\/nn\/Desktop\/HackingWithSwift-main\/SwiftUI\/project4-files\/BetterRest.csv","createdDate":"2022-12-26T10:17:49Z","dataSourceID":"22209D01-CC74-4853-9DF6-2CB78DA96583"},"activityEntities":["dataSourceMetrics",[{"id":"F261287D-51CA-4FEF-9A72-13C5C1D4D948","title":"Data Summary","createdDate":"2022-12-26T10:20:53Z","event":"dataSourceMetrics","subtitle":"10 000 Items"}],"dataSourceTrainingStarted",[{"id":"58F2EBA7-537A-4575-800A-F50D20C49CD7","title":"Used By","createdDate":"2022-12-26T10:20:53Z","event":"dataSourceTrainingStarted","subtitle":"BetterRest 1"}]],"pathType":0,"experimentIDs":["D3E9150B-7D5E-4D82-B827-C1ED513466DB"]}